<?xml version="1.0" encoding="utf-8"?>
<ModelInformation Version="1.0">
  <Model>
    <P Name="MdlSubVersion">1</P>
    <P Name="SavedCharacterEncoding">US-ASCII</P>
    <P Name="ScopeRefreshTime">0.035000</P>
    <P Name="OverrideScopeRefreshTime">on</P>
    <P Name="DisableAllScopes">off</P>
    <P Name="DataTypeOverride">UseLocalSettings</P>
    <P Name="DataTypeOverrideAppliesTo">AllNumericTypes</P>
    <P Name="MinMaxOverflowLogging">UseLocalSettings</P>
    <P Name="MinMaxOverflowArchiveMode">Overwrite</P>
    <P Name="FPTRunName">Run 1</P>
    <P Name="MaxMDLFileLineLength">120</P>
    <P Name="LastSavedArchitecture">win64</P>
    <Object PropName="BdWindowsInfo" ObjectID="1" ClassName="Simulink.BDWindowsInfo">
      <Object PropName="WindowsInfo" ObjectID="2" ClassName="Simulink.WindowInfo">
        <P Name="IsActive" Class="logical">1</P>
        <P Name="Location" Class="double">[1737.0, 0.0, 916.0, 687.0]</P>
        <Object PropName="ModelBrowserInfo" ObjectID="3" ClassName="Simulink.ModelBrowserInfo">
          <P Name="Visible" Class="logical">0</P>
          <P Name="DockPosition" Class="char">Left</P>
          <P Name="Width" Class="int32">50</P>
          <P Name="Height" Class="int32">50</P>
          <P Name="Filter" Class="int32">9</P>
        </Object>
        <Object PropName="ExplorerBarInfo" ObjectID="4" ClassName="Simulink.ExplorerBarInfo">
          <P Name="Visible" Class="logical">1</P>
        </Object>
        <Object PropName="EditorsInfo" ObjectID="5" ClassName="Simulink.EditorInfo">
          <P Name="IsActive" Class="logical">1</P>
          <P Name="ViewObjType" Class="char">SimulinkTopLevel</P>
          <P Name="LoadSaveID" Class="char">0</P>
          <P Name="Extents" Class="double">[866.0, 512.0]</P>
          <P Name="ZoomFactor" Class="double">0.8</P>
          <P Name="Offset" Class="double">[-201.25000000000057, -35.25]</P>
        </Object>
      </Object>
    </Object>
    <ConfigManagerSettings>
      <P Name="UpdateHistory">UpdateHistoryNever</P>
      <P Name="ModifiedByFormat">%&lt;Auto&gt;</P>
      <P Name="ModifiedDateFormat">%&lt;Auto&gt;</P>
      <P Name="RTWModifiedTimeStamp">465863907</P>
      <P Name="ModelVersionFormat">1.%&lt;AutoIncrement:0&gt;</P>
    </ConfigManagerSettings>
    <EditorSettings>
      <P Name="SampleTimeColors">off</P>
      <P Name="SampleTimeAnnotations">off</P>
      <P Name="LibraryLinkDisplay">disabled</P>
      <P Name="WideLines">off</P>
      <P Name="ShowLineDimensions">off</P>
      <P Name="ShowPortDataTypes">off</P>
      <P Name="ShowEditTimeErrors">on</P>
      <P Name="ShowEditTimeWarnings">off</P>
      <P Name="ShowEditTimeAdvisorChecks">off</P>
      <P Name="ShowPortUnits">off</P>
      <P Name="ShowDesignRanges">off</P>
      <P Name="ShowLoopsOnError">on</P>
      <P Name="IgnoreBidirectionalLines">off</P>
      <P Name="ShowStorageClass">off</P>
      <P Name="ShowTestPointIcons">on</P>
      <P Name="ShowSignalResolutionIcons">on</P>
      <P Name="ShowViewerIcons">on</P>
      <P Name="SortedOrder">off</P>
      <P Name="VariantCondition">off</P>
      <P Name="ExecutionContextIcon">off</P>
      <P Name="ShowLinearizationAnnotations">on</P>
      <P Name="ShowVisualizeInsertedRTB">on</P>
      <P Name="ShowMarkup">on</P>
      <P Name="BlockNameDataTip">off</P>
      <P Name="BlockParametersDataTip">off</P>
      <P Name="BlockDescriptionStringDataTip">off</P>
      <P Name="ToolBar">on</P>
      <P Name="StatusBar">on</P>
      <P Name="BrowserShowLibraryLinks">off</P>
      <P Name="FunctionConnectors">off</P>
      <P Name="BrowserLookUnderMasks">off</P>
    </EditorSettings>
    <SimulationSettings>
      <P Name="SimulationMode">normal</P>
      <P Name="PauseTimes">5</P>
      <P Name="NumberOfSteps">1</P>
      <P Name="SnapshotBufferSize">10</P>
      <P Name="SnapshotInterval">10</P>
      <P Name="NumberOfLastSnapshots">0</P>
      <P Name="LinearizationMsg">none</P>
      <P Name="Profile">off</P>
      <P Name="ParamWorkspaceSource">MATLABWorkspace</P>
      <P Name="AccelSystemTargetFile">accel.tlc</P>
      <P Name="AccelTemplateMakefile">accel_default_tmf</P>
      <P Name="AccelMakeCommand">make_rtw</P>
      <P Name="TryForcingSFcnDF">off</P>
      <Object PropName="DataLoggingOverride" ObjectID="6" ClassName="Simulink.SimulationData.ModelLoggingInfo">
        <P Name="model_" Class="char">factory_default_model</P>
        <P Name="overrideMode_" Class="uint32">0U</P>
        <Array PropName="logAsSpecifiedByModels_" Type="Cell" Dimension="1*1">
          <Cell Class="char">factory_default_model</Cell>
        </Array>
        <Array PropName="logAsSpecifiedByModelsSSIDs_" Type="Cell" Dimension="1*1">
          <Cell Class="double">[]</Cell>
        </Array>
      </Object>
    </SimulationSettings>
    <ExternalMode>
      <P Name="ExtModeBatchMode">off</P>
      <P Name="ExtModeEnableFloating">on</P>
      <P Name="ExtModeTrigType">manual</P>
      <P Name="ExtModeTrigMode">normal</P>
      <P Name="ExtModeTrigPort">1</P>
      <P Name="ExtModeTrigElement">any</P>
      <P Name="ExtModeTrigDuration">1000</P>
      <P Name="ExtModeTrigDurationFloating">auto</P>
      <P Name="ExtModeTrigHoldOff">0</P>
      <P Name="ExtModeTrigDelay">0</P>
      <P Name="ExtModeTrigDirection">rising</P>
      <P Name="ExtModeTrigLevel">0</P>
      <P Name="ExtModeArchiveMode">off</P>
      <P Name="ExtModeAutoIncOneShot">off</P>
      <P Name="ExtModeIncDirWhenArm">off</P>
      <P Name="ExtModeAddSuffixToVar">off</P>
      <P Name="ExtModeWriteAllDataToWs">off</P>
      <P Name="ExtModeArmWhenConnect">on</P>
      <P Name="ExtModeSkipDownloadWhenConnect">off</P>
      <P Name="ExtModeLogAll">on</P>
      <P Name="ExtModeAutoUpdateStatusClock">on</P>
    </ExternalMode>
    <ModelReferenceSettings>
      <P Name="ShowModelReferenceBlockVersion">off</P>
      <P Name="ShowModelReferenceBlockIO">off</P>
    </ModelReferenceSettings>
    <ConcurrentExecutionSettings>
      <Object PropName="DataTransfer" ObjectID="7" ClassName="Simulink.GlobalDataTransfer">
        <P Name="DefaultTransitionBetweenSyncTasks" Class="char">Ensure deterministic transfer (maximum delay)</P>
        <P Name="DefaultTransitionBetweenAsyncTasks" Class="char">Ensure data integrity only</P>
        <P Name="DefaultTransitionBetweenContTasks" Class="char">Ensure deterministic transfer (minimum delay)</P>
        <P Name="DefaultExtrapolationMethodBetweenContTasks" Class="char">None</P>
        <P Name="AutoInsertRateTranBlk" Class="logical">0</P>
      </Object>
      <P Name="ExplicitPartitioning">off</P>
    </ConcurrentExecutionSettings>
    <SystemDefaults>
      <P Name="PaperOrientation">landscape</P>
      <P Name="PaperPositionMode">auto</P>
      <P Name="PaperType">usletter</P>
      <P Name="PaperUnits">inches</P>
      <P Name="TiledPaperMargins">[0.500000, 0.500000, 0.500000, 0.500000]</P>
      <P Name="TiledPageScale">1</P>
      <P Name="ShowPageBoundaries">off</P>
      <P Name="ModelBrowserVisibility">off</P>
      <P Name="ModelBrowserWidth">200</P>
      <P Name="ScreenColor">white</P>
    </SystemDefaults>
    <BlockDefaults>
      <P Name="ForegroundColor">black</P>
      <P Name="BackgroundColor">white</P>
      <P Name="DropShadow">off</P>
      <P Name="NamePlacement">normal</P>
      <P Name="FontName">Helvetica</P>
      <P Name="FontSize">10</P>
      <P Name="FontWeight">normal</P>
      <P Name="FontAngle">normal</P>
      <P Name="ShowName">on</P>
      <P Name="BlockRotation">0</P>
      <P Name="BlockMirror">off</P>
    </BlockDefaults>
    <AnnotationDefaults>
      <P Name="HorizontalAlignment">center</P>
      <P Name="VerticalAlignment">middle</P>
      <P Name="ForegroundColor">black</P>
      <P Name="BackgroundColor">white</P>
      <P Name="DropShadow">off</P>
      <P Name="FontName">Helvetica</P>
      <P Name="FontSize">10</P>
      <P Name="FontWeight">normal</P>
      <P Name="FontAngle">normal</P>
      <P Name="UseDisplayTextAsClickCallback">off</P>
    </AnnotationDefaults>
    <LineDefaults>
      <P Name="FontName">Helvetica</P>
      <P Name="FontSize">9</P>
      <P Name="FontWeight">normal</P>
      <P Name="FontAngle">normal</P>
    </LineDefaults>
    <MaskDefaults>
      <P Name="SelfModifiable">off</P>
      <P Name="IconFrame">on</P>
      <P Name="IconOpaque">opaque</P>
      <P Name="RunInitForIconRedraw">off</P>
      <P Name="IconRotate">none</P>
      <P Name="PortRotate">default</P>
      <P Name="IconUnits">autoscale</P>
    </MaskDefaults>
    <MaskParameterDefaults>
      <P Name="Evaluate">on</P>
      <P Name="Tunable">on</P>
      <P Name="NeverSave">off</P>
      <P Name="Internal">off</P>
      <P Name="ReadOnly">off</P>
      <P Name="Enabled">on</P>
      <P Name="Visible">on</P>
      <P Name="ToolTip">on</P>
    </MaskParameterDefaults>
    <BlockParameterDefaults>
      <Block BlockType="Constant">
        <P Name="Value">1</P>
        <P Name="VectorParams1D">on</P>
        <P Name="SamplingMode">Sample based</P>
        <P Name="OutMin">[]</P>
        <P Name="OutMax">[]</P>
        <P Name="OutDataTypeStr">Inherit: Inherit from &apos;Constant value&apos;</P>
        <P Name="LockScale">off</P>
        <P Name="SampleTime">inf</P>
        <P Name="FramePeriod">inf</P>
        <P Name="PreserveConstantTs">off</P>
      </Block>
      <Block BlockType="Gain">
        <P Name="Gain">1</P>
        <P Name="Multiplication">Element-wise(K.*u)</P>
        <P Name="ParamMin">[]</P>
        <P Name="ParamMax">[]</P>
        <P Name="ParamDataTypeStr">Inherit: Same as input</P>
        <P Name="OutMin">[]</P>
        <P Name="OutMax">[]</P>
        <P Name="OutDataTypeStr">Inherit: Same as input</P>
        <P Name="LockScale">off</P>
        <P Name="RndMeth">Floor</P>
        <P Name="SaturateOnIntegerOverflow">on</P>
        <P Name="SampleTime">-1</P>
      </Block>
      <Block BlockType="Mux">
        <P Name="Inputs">4</P>
        <P Name="DisplayOption">none</P>
        <P Name="UseBusObject">off</P>
        <P Name="BusObject">BusObject</P>
        <P Name="NonVirtualBus">off</P>
      </Block>
      <Block BlockType="Scope">
        <P Name="DefaultConfigurationName">Simulink.scopes.TimeScopeBlockCfg</P>
        <P Name="NumInputPorts">1</P>
        <P Name="Floating">off</P>
      </Block>
      <Block BlockType="Sum">
        <P Name="IconShape">rectangular</P>
        <P Name="Inputs">++</P>
        <P Name="CollapseMode">All dimensions</P>
        <P Name="CollapseDim">1</P>
        <P Name="InputSameDT">on</P>
        <P Name="AccumDataTypeStr">Inherit: Inherit via internal rule</P>
        <P Name="OutMin">[]</P>
        <P Name="OutMax">[]</P>
        <P Name="OutDataTypeStr">Inherit: Same as first input</P>
        <P Name="LockScale">off</P>
        <P Name="RndMeth">Floor</P>
        <P Name="SaturateOnIntegerOverflow">on</P>
        <P Name="SampleTime">-1</P>
      </Block>
      <Block BlockType="TransferFcn">
        <P Name="Numerator">[1]</P>
        <P Name="Denominator">[1 2 1]</P>
        <P Name="AbsoluteTolerance">auto</P>
        <P Name="ContinuousStateAttributes">&apos;&apos;</P>
        <P Name="Realization">auto</P>
      </Block>
    </BlockParameterDefaults>
    <System>
      <P Name="Location">[1737, 0, 2653, 687]</P>
      <P Name="Open">on</P>
      <P Name="TiledPaperMargins">[0.500000, 0.500000, 0.500000, 0.500000]</P>
      <P Name="ZoomFactor">80</P>
      <P Name="ReportName">simulink-default.rpt</P>
      <P Name="SIDHighWatermark">26</P>
      <Block BlockType="Constant" Name="Constant" SID="1">
        <P Name="Position">[485, 45, 515, 75]</P>
        <P Name="ZOrder">33</P>
        <P Name="BlockRotation">270</P>
        <P Name="BlockMirror">on</P>
        <P Name="NamePlacement">alternate</P>
      </Block>
      <Block BlockType="Constant" Name="Constant1" SID="2">
        <P Name="Position">[485, 220, 515, 250]</P>
        <P Name="ZOrder">40</P>
        <P Name="BlockRotation">270</P>
        <P Name="BlockMirror">on</P>
        <P Name="NamePlacement">alternate</P>
      </Block>
      <Block BlockType="Constant" Name="Constant2" SID="3">
        <P Name="Position">[485, 385, 515, 415]</P>
        <P Name="ZOrder">47</P>
        <P Name="BlockRotation">270</P>
        <P Name="BlockMirror">on</P>
        <P Name="NamePlacement">alternate</P>
      </Block>
      <Block BlockType="Constant" Name="Constant3" SID="4">
        <P Name="Position">[125, 270, 155, 300]</P>
        <P Name="ZOrder">48</P>
      </Block>
      <Block BlockType="Gain" Name="Gain" SID="5">
        <P Name="Position">[410, 95, 445, 125]</P>
        <P Name="ZOrder">31</P>
        <P Name="Gain">0.96</P>
        <P Name="ParamDataTypeStr">Inherit: Inherit via internal rule</P>
        <P Name="OutDataTypeStr">Inherit: Inherit via internal rule</P>
        <P Name="SaturateOnIntegerOverflow">off</P>
      </Block>
      <Block BlockType="Gain" Name="Gain1" SID="6">
        <P Name="Position">[410, 159, 445, 191]</P>
        <P Name="ZOrder">32</P>
        <P Name="BlockMirror">on</P>
        <P Name="NamePlacement">alternate</P>
        <P Name="Gain">1.18</P>
        <P Name="ParamDataTypeStr">Inherit: Inherit via internal rule</P>
        <P Name="OutDataTypeStr">Inherit: Inherit via internal rule</P>
        <P Name="SaturateOnIntegerOverflow">off</P>
      </Block>
      <Block BlockType="Gain" Name="Gain2" SID="7">
        <P Name="Position">[410, 270, 445, 300]</P>
        <P Name="ZOrder">38</P>
        <P Name="Gain">0.96</P>
        <P Name="ParamDataTypeStr">Inherit: Inherit via internal rule</P>
        <P Name="OutDataTypeStr">Inherit: Inherit via internal rule</P>
        <P Name="SaturateOnIntegerOverflow">off</P>
      </Block>
      <Block BlockType="Gain" Name="Gain3" SID="8">
        <P Name="Position">[410, 330, 445, 360]</P>
        <P Name="ZOrder">39</P>
        <P Name="BlockMirror">on</P>
        <P Name="NamePlacement">alternate</P>
        <P Name="Gain">1.18</P>
        <P Name="ParamDataTypeStr">Inherit: Inherit via internal rule</P>
        <P Name="OutDataTypeStr">Inherit: Inherit via internal rule</P>
        <P Name="SaturateOnIntegerOverflow">off</P>
      </Block>
      <Block BlockType="Gain" Name="Gain4" SID="9">
        <P Name="Position">[410, 432, 445, 468]</P>
        <P Name="ZOrder">45</P>
        <P Name="Gain">0.96</P>
        <P Name="ParamDataTypeStr">Inherit: Inherit via internal rule</P>
        <P Name="OutDataTypeStr">Inherit: Inherit via internal rule</P>
        <P Name="SaturateOnIntegerOverflow">off</P>
      </Block>
      <Block BlockType="Gain" Name="Gain5" SID="10">
        <P Name="Position">[410, 495, 445, 525]</P>
        <P Name="ZOrder">46</P>
        <P Name="BlockMirror">on</P>
        <P Name="NamePlacement">alternate</P>
        <P Name="Gain">1.18</P>
        <P Name="ParamDataTypeStr">Inherit: Inherit via internal rule</P>
        <P Name="OutDataTypeStr">Inherit: Inherit via internal rule</P>
        <P Name="SaturateOnIntegerOverflow">off</P>
      </Block>
      <Block BlockType="Mux" Name="Mux" SID="11">
        <P Name="Ports">[3, 1]</P>
        <P Name="Position">[675, 158, 680, 252]</P>
        <P Name="ZOrder">49</P>
        <P Name="ShowName">off</P>
        <P Name="Inputs">3</P>
        <P Name="DisplayOption">bar</P>
      </Block>
      <Block BlockType="Mux" Name="Mux1" SID="12">
        <P Name="Ports">[3, 1]</P>
        <P Name="Position">[675, 298, 680, 392]</P>
        <P Name="ZOrder">50</P>
        <P Name="ShowName">off</P>
        <P Name="Inputs">3</P>
        <P Name="DisplayOption">bar</P>
      </Block>
      <Block BlockType="Scope" Name="Scope" SID="13">
        <P Name="Ports">[1]</P>
        <P Name="Position">[715, 189, 745, 221]</P>
        <P Name="ZOrder">51</P>
        <P Name="ScopeSpecificationString">Simulink.scopes.TimeScopeBlockCfg(&apos;CurrentConfiguration&apos;, extmgr.ConfigurationSet(extmgr.Configuration(&apos;Core&apos;,&apos;General UI&apos;,true),extmgr.Configuration(&apos;Core&apos;,&apos;Source UI&apos;,true),extmgr.Configuration(&apos;Sources&apos;,&apos;WiredSimulink&apos;,true,&apos;DataLoggingLimitDataPoints&apos;,true,&apos;DataLoggingSaveFormat&apos;,&apos;Array&apos;,&apos;DataLoggingDecimation&apos;,&apos;1&apos;,&apos;DataLoggingDecimateData&apos;,true),extmgr.Configuration(&apos;Visuals&apos;,&apos;Time Domain&apos;,true,&apos;SerializedDisplays&apos;,{struct(&apos;MinYLimReal&apos;,&apos;-0.17684&apos;,&apos;MaxYLimReal&apos;,&apos;1.59156&apos;,&apos;YLabelReal&apos;,&apos;&apos;,&apos;MinYLimMag&apos;,&apos;0.00000&apos;,&apos;MaxYLimMag&apos;,&apos;1.59156&apos;,&apos;LegendVisibility&apos;,&apos;off&apos;,&apos;XGrid&apos;,true,&apos;YGrid&apos;,true,&apos;PlotMagPhase&apos;,false,&apos;AxesColor&apos;,[0 0 0],&apos;AxesTickColor&apos;,[0.686274509803922 0.686274509803922 0.686274509803922],&apos;ColorOrder&apos;,[1 1 0.0666666666666667;0.0745098039215686 0.623529411764706 1;1 0.411764705882353 0.16078431372549;0.392156862745098 0.831372549019608 0.0745098039215686;0.717647058823529 0.274509803921569 1;0.0588235294117647 1 1;1 0.0745098039215686 0.650980392156863],&apos;Title&apos;,&apos;%&lt;SignalLabel&gt;&apos;,&apos;LinePropertiesCache&apos;,{{}},&apos;UserDefinedChannelNames&apos;,{{}},&apos;NumLines&apos;,3,&apos;LineNames&apos;,{{&apos;Transfer Fcn&apos;,&apos;Transfer Fcn2&apos;,&apos;Transfer Fcn4&apos;}},&apos;ShowContent&apos;,true,&apos;Placement&apos;,1)},&apos;DisplayPropertyDefaults&apos;,struct(&apos;MinYLimReal&apos;,&apos;-0.17684&apos;,&apos;MaxYLimReal&apos;,&apos;1.59156&apos;,&apos;YLabelReal&apos;,&apos;&apos;,&apos;MinYLimMag&apos;,&apos;0.00000&apos;,&apos;MaxYLimMag&apos;,&apos;1.59156&apos;,&apos;LegendVisibility&apos;,&apos;off&apos;,&apos;XGrid&apos;,true,&apos;YGrid&apos;,true,&apos;PlotMagPhase&apos;,false,&apos;AxesColor&apos;,[0 0 0],&apos;AxesTickColor&apos;,[0.686274509803922 0.686274509803922 0.686274509803922],&apos;ColorOrder&apos;,[0.0745098039215686 0.623529411764706 1;1 0.411764705882353 0.16078431372549;1 1 0.0666666666666667;0.717647058823529 0.274509803921569 1;0.392156862745098 0.831372549019608 0.0745098039215686;0.0588235294117647 1 1;1 0.0745098039215686 0.650980392156863])),extmgr.Configuration(&apos;Tools&apos;,&apos;Plot Navigation&apos;,true),extmgr.Configuration(&apos;Tools&apos;,&apos;Measurements&apos;,true,&apos;Version&apos;,&apos;2016a&apos;)),&apos;Version&apos;,&apos;2016a&apos;)</P>
      </Block>
      <Block BlockType="Scope" Name="Scope1" SID="14">
        <P Name="Ports">[1]</P>
        <P Name="Position">[715, 329, 745, 361]</P>
        <P Name="ZOrder">52</P>
        <P Name="ScopeSpecificationString">Simulink.scopes.TimeScopeBlockCfg(&apos;CurrentConfiguration&apos;, extmgr.ConfigurationSet(extmgr.Configuration(&apos;Core&apos;,&apos;General UI&apos;,true),extmgr.Configuration(&apos;Core&apos;,&apos;Source UI&apos;,true),extmgr.Configuration(&apos;Sources&apos;,&apos;WiredSimulink&apos;,true,&apos;DataLoggingVariableName&apos;,&apos;ScopeData1&apos;,&apos;DataLoggingLimitDataPoints&apos;,true,&apos;DataLoggingSaveFormat&apos;,&apos;Array&apos;,&apos;DataLoggingDecimation&apos;,&apos;1&apos;,&apos;DataLoggingDecimateData&apos;,true),extmgr.Configuration(&apos;Visuals&apos;,&apos;Time Domain&apos;,true,&apos;SerializedDisplays&apos;,{struct(&apos;MinYLimReal&apos;,&apos;-0.13735&apos;,&apos;MaxYLimReal&apos;,&apos;0.26275&apos;,&apos;YLabelReal&apos;,&apos;&apos;,&apos;MinYLimMag&apos;,&apos;0.00000&apos;,&apos;MaxYLimMag&apos;,&apos;0.26275&apos;,&apos;LegendVisibility&apos;,&apos;off&apos;,&apos;XGrid&apos;,true,&apos;YGrid&apos;,true,&apos;PlotMagPhase&apos;,false,&apos;AxesColor&apos;,[0 0 0],&apos;AxesTickColor&apos;,[0.686274509803922 0.686274509803922 0.686274509803922],&apos;ColorOrder&apos;,[1 1 0.0666666666666667;0.0745098039215686 0.623529411764706 1;1 0.411764705882353 0.16078431372549;0.392156862745098 0.831372549019608 0.0745098039215686;0.717647058823529 0.274509803921569 1;0.0588235294117647 1 1;1 0.0745098039215686 0.650980392156863],&apos;Title&apos;,&apos;%&lt;SignalLabel&gt;&apos;,&apos;LinePropertiesCache&apos;,{{}},&apos;UserDefinedChannelNames&apos;,{{}},&apos;NumLines&apos;,3,&apos;LineNames&apos;,{{&apos;Transfer Fcn1&apos;,&apos;Transfer Fcn3&apos;,&apos;Transfer Fcn5&apos;}},&apos;ShowContent&apos;,true,&apos;Placement&apos;,1)},&apos;DisplayPropertyDefaults&apos;,struct(&apos;MinYLimReal&apos;,&apos;-0.13735&apos;,&apos;MaxYLimReal&apos;,&apos;0.26275&apos;,&apos;YLabelReal&apos;,&apos;&apos;,&apos;MinYLimMag&apos;,&apos;0.00000&apos;,&apos;MaxYLimMag&apos;,&apos;0.26275&apos;,&apos;LegendVisibility&apos;,&apos;off&apos;,&apos;XGrid&apos;,true,&apos;YGrid&apos;,true,&apos;PlotMagPhase&apos;,false,&apos;AxesColor&apos;,[0 0 0],&apos;AxesTickColor&apos;,[0.686274509803922 0.686274509803922 0.686274509803922],&apos;ColorOrder&apos;,[0.0745098039215686 0.623529411764706 1;1 0.411764705882353 0.16078431372549;1 1 0.0666666666666667;0.717647058823529 0.274509803921569 1;0.392156862745098 0.831372549019608 0.0745098039215686;0.0588235294117647 1 1;1 0.0745098039215686 0.650980392156863])),extmgr.Configuration(&apos;Tools&apos;,&apos;Plot Navigation&apos;,true),extmgr.Configuration(&apos;Tools&apos;,&apos;Measurements&apos;,true,&apos;Version&apos;,&apos;2016a&apos;)),&apos;Version&apos;,&apos;2016a&apos;)</P>
      </Block>
      <Block BlockType="Sum" Name="Sum" SID="15">
        <P Name="Ports">[2, 1]</P>
        <P Name="Position">[205, 100, 225, 120]</P>
        <P Name="ZOrder">27</P>
        <P Name="ShowName">off</P>
        <P Name="IconShape">round</P>
        <P Name="Inputs">|+-</P>
        <P Name="InputSameDT">off</P>
        <P Name="OutDataTypeStr">Inherit: Inherit via internal rule</P>
        <P Name="SaturateOnIntegerOverflow">off</P>
      </Block>
      <Block BlockType="Sum" Name="Sum1" SID="16">
        <P Name="Ports">[2, 1]</P>
        <P Name="Position">[490, 100, 510, 120]</P>
        <P Name="ZOrder">28</P>
        <P Name="ShowName">off</P>
        <P Name="IconShape">round</P>
        <P Name="Inputs">-+|</P>
        <P Name="InputSameDT">off</P>
        <P Name="OutDataTypeStr">Inherit: Inherit via internal rule</P>
        <P Name="SaturateOnIntegerOverflow">off</P>
      </Block>
      <Block BlockType="Sum" Name="Sum2" SID="17">
        <P Name="Ports">[2, 1]</P>
        <P Name="Position">[205, 275, 225, 295]</P>
        <P Name="ZOrder">34</P>
        <P Name="ShowName">off</P>
        <P Name="IconShape">round</P>
        <P Name="Inputs">|+-</P>
        <P Name="InputSameDT">off</P>
        <P Name="OutDataTypeStr">Inherit: Inherit via internal rule</P>
        <P Name="SaturateOnIntegerOverflow">off</P>
      </Block>
      <Block BlockType="Sum" Name="Sum3" SID="18">
        <P Name="Ports">[2, 1]</P>
        <P Name="Position">[490, 275, 510, 295]</P>
        <P Name="ZOrder">35</P>
        <P Name="ShowName">off</P>
        <P Name="IconShape">round</P>
        <P Name="Inputs">-+|</P>
        <P Name="InputSameDT">off</P>
        <P Name="OutDataTypeStr">Inherit: Inherit via internal rule</P>
        <P Name="SaturateOnIntegerOverflow">off</P>
      </Block>
      <Block BlockType="Sum" Name="Sum4" SID="19">
        <P Name="Ports">[2, 1]</P>
        <P Name="Position">[205, 440, 225, 460]</P>
        <P Name="ZOrder">41</P>
        <P Name="ShowName">off</P>
        <P Name="IconShape">round</P>
        <P Name="Inputs">|+-</P>
        <P Name="InputSameDT">off</P>
        <P Name="OutDataTypeStr">Inherit: Inherit via internal rule</P>
        <P Name="SaturateOnIntegerOverflow">off</P>
      </Block>
      <Block BlockType="Sum" Name="Sum5" SID="20">
        <P Name="Ports">[2, 1]</P>
        <P Name="Position">[490, 440, 510, 460]</P>
        <P Name="ZOrder">42</P>
        <P Name="ShowName">off</P>
        <P Name="IconShape">round</P>
        <P Name="Inputs">-+|</P>
        <P Name="InputSameDT">off</P>
        <P Name="OutDataTypeStr">Inherit: Inherit via internal rule</P>
        <P Name="SaturateOnIntegerOverflow">off</P>
      </Block>
      <Block BlockType="TransferFcn" Name="Transfer Fcn" SID="21">
        <P Name="Position">[275, 92, 335, 128]</P>
        <P Name="ZOrder">29</P>
        <P Name="Numerator">[1.41]</P>
        <P Name="Denominator">[0.01 1]</P>
      </Block>
      <Block BlockType="TransferFcn" Name="Transfer Fcn1" SID="22">
        <P Name="Position">[565, 92, 625, 128]</P>
        <P Name="ZOrder">30</P>
        <P Name="Denominator">[0.048 0]</P>
      </Block>
      <Block BlockType="TransferFcn" Name="Transfer Fcn2" SID="23">
        <P Name="Position">[275, 267, 335, 303]</P>
        <P Name="ZOrder">36</P>
        <P Name="Numerator">[1.41]</P>
        <P Name="Denominator">[0.01 1]</P>
      </Block>
      <Block BlockType="TransferFcn" Name="Transfer Fcn3" SID="24">
        <P Name="Position">[540, 267, 600, 303]</P>
        <P Name="ZOrder">37</P>
        <P Name="Denominator">[0.048 0]</P>
      </Block>
      <Block BlockType="TransferFcn" Name="Transfer Fcn4" SID="25">
        <P Name="Position">[275, 432, 335, 468]</P>
        <P Name="ZOrder">43</P>
        <P Name="Numerator">[1.41]</P>
        <P Name="Denominator">[0.01 1]</P>
      </Block>
      <Block BlockType="TransferFcn" Name="Transfer Fcn5" SID="26">
        <P Name="Position">[565, 432, 625, 468]</P>
        <P Name="ZOrder">44</P>
        <P Name="Denominator">[0.048 0]</P>
      </Block>
      <Line>
        <P Name="ZOrder">1</P>
        <P Name="Src">16#out:1</P>
        <P Name="Dst">22#in:1</P>
      </Line>
      <Line>
        <P Name="ZOrder">2</P>
        <P Name="Src">1#out:1</P>
        <P Name="Dst">16#in:1</P>
      </Line>
      <Line>
        <P Name="ZOrder">3</P>
        <P Name="Src">5#out:1</P>
        <P Name="Dst">16#in:2</P>
      </Line>
      <Line>
        <P Name="ZOrder">6</P>
        <P Name="Src">21#out:1</P>
        <P Name="Points">[28, 0]</P>
        <Branch>
          <P Name="ZOrder">5</P>
          <P Name="Points">[0, -85; 289, 0; 0, 150]</P>
          <P Name="Dst">11#in:1</P>
        </Branch>
        <Branch>
          <P Name="ZOrder">4</P>
          <P Name="Dst">5#in:1</P>
        </Branch>
      </Line>
      <Line>
        <P Name="ZOrder">7</P>
        <P Name="Src">15#out:1</P>
        <P Name="Dst">21#in:1</P>
      </Line>
      <Line>
        <P Name="ZOrder">10</P>
        <P Name="Src">22#out:1</P>
        <P Name="Points">[9, 0; 0, 65]</P>
        <Branch>
          <P Name="ZOrder">9</P>
          <P Name="Points">[0, 140]</P>
          <P Name="Dst">12#in:1</P>
        </Branch>
        <Branch>
          <P Name="ZOrder">8</P>
          <P Name="Dst">6#in:1</P>
        </Branch>
      </Line>
      <Line>
        <P Name="ZOrder">11</P>
        <P Name="Src">6#out:1</P>
        <P Name="Points">[-190, 0]</P>
        <P Name="Dst">15#in:2</P>
      </Line>
      <Line>
        <P Name="ZOrder">12</P>
        <P Name="Src">18#out:1</P>
        <P Name="Dst">24#in:1</P>
      </Line>
      <Line>
        <P Name="ZOrder">13</P>
        <P Name="Src">2#out:1</P>
        <P Name="Dst">18#in:1</P>
      </Line>
      <Line>
        <P Name="ZOrder">14</P>
        <P Name="Src">7#out:1</P>
        <P Name="Dst">18#in:2</P>
      </Line>
      <Line>
        <P Name="ZOrder">17</P>
        <P Name="Src">23#out:1</P>
        <P Name="Points">[34, 0]</P>
        <Branch>
          <P Name="ZOrder">16</P>
          <P Name="Points">[0, -80]</P>
          <P Name="Dst">11#in:2</P>
        </Branch>
        <Branch>
          <P Name="ZOrder">15</P>
          <P Name="Dst">7#in:1</P>
        </Branch>
      </Line>
      <Line>
        <P Name="ZOrder">18</P>
        <P Name="Src">17#out:1</P>
        <P Name="Dst">23#in:1</P>
      </Line>
      <Line>
        <P Name="ZOrder">21</P>
        <P Name="Src">24#out:1</P>
        <P Name="Points">[10, 0; 0, 60]</P>
        <Branch>
          <P Name="ZOrder">20</P>
          <P Name="Dst">12#in:2</P>
        </Branch>
        <Branch>
          <P Name="ZOrder">19</P>
          <P Name="Dst">8#in:1</P>
        </Branch>
      </Line>
      <Line>
        <P Name="ZOrder">22</P>
        <P Name="Src">8#out:1</P>
        <P Name="Points">[-190, 0]</P>
        <P Name="Dst">17#in:2</P>
      </Line>
      <Line>
        <P Name="ZOrder">23</P>
        <P Name="Src">20#out:1</P>
        <P Name="Dst">26#in:1</P>
      </Line>
      <Line>
        <P Name="ZOrder">24</P>
        <P Name="Src">3#out:1</P>
        <P Name="Dst">20#in:1</P>
      </Line>
      <Line>
        <P Name="ZOrder">25</P>
        <P Name="Src">9#out:1</P>
        <P Name="Dst">20#in:2</P>
      </Line>
      <Line>
        <P Name="ZOrder">28</P>
        <P Name="Src">25#out:1</P>
        <P Name="Points">[18, 0]</P>
        <Branch>
          <P Name="ZOrder">27</P>
          <P Name="Points">[0, -82; 271, 0; 0, -133]</P>
          <P Name="Dst">11#in:3</P>
        </Branch>
        <Branch>
          <P Name="ZOrder">26</P>
          <P Name="Dst">9#in:1</P>
        </Branch>
      </Line>
      <Line>
        <P Name="ZOrder">29</P>
        <P Name="Src">19#out:1</P>
        <P Name="Dst">25#in:1</P>
      </Line>
      <Line>
        <P Name="ZOrder">32</P>
        <P Name="Src">26#out:1</P>
        <P Name="Points">[9, 0]</P>
        <Branch>
          <P Name="ZOrder">31</P>
          <P Name="Points">[0, 60]</P>
          <P Name="Dst">10#in:1</P>
        </Branch>
        <Branch>
          <P Name="ZOrder">30</P>
          <P Name="Points">[0, -75]</P>
          <P Name="Dst">12#in:3</P>
        </Branch>
      </Line>
      <Line>
        <P Name="ZOrder">33</P>
        <P Name="Src">10#out:1</P>
        <P Name="Points">[-190, 0]</P>
        <P Name="Dst">19#in:2</P>
      </Line>
      <Line>
        <P Name="ZOrder">37</P>
        <P Name="Src">4#out:1</P>
        <P Name="Points">[17, 0]</P>
        <Branch>
          <P Name="ZOrder">36</P>
          <P Name="Dst">17#in:1</P>
        </Branch>
        <Branch>
          <P Name="ZOrder">35</P>
          <P Name="Points">[0, -175]</P>
          <P Name="Dst">15#in:1</P>
        </Branch>
        <Branch>
          <P Name="ZOrder">34</P>
          <P Name="Points">[0, 165]</P>
          <P Name="Dst">19#in:1</P>
        </Branch>
      </Line>
      <Line>
        <P Name="ZOrder">38</P>
        <P Name="Src">11#out:1</P>
        <P Name="Dst">13#in:1</P>
      </Line>
      <Line>
        <P Name="ZOrder">39</P>
        <P Name="Src">12#out:1</P>
        <P Name="Dst">14#in:1</P>
      </Line>
    </System>
  </Model>
</ModelInformation>
